{"stats":{"minecraft:picked_up":{"immersive_weathering:fire":10,"minecraft:charcoal":5,"minecraft:pointed_dripstone":1,"minecraft:brown_mushroom":2},"minecraft:custom":{"minecraft:jump":28,"minecraft:open_chest":2,"minecraft:time_since_rest":52865,"minecraft:damage_dealt":30,"minecraft:leave_game":14,"minecraft:sprint_one_cm":4021,"minecraft:play_time":52865,"minecraft:time_since_death":52865,"minecraft:walk_on_water_one_cm":1241,"minecraft:walk_one_cm":7784,"minecraft:sneak_time":327,"minecraft:total_world_time":52865,"minecraft:climb_one_cm":246,"minecraft:trigger_trapped_chest":1,"minecraft:walk_under_water_one_cm":4724,"minecraft:swim_one_cm":7755,"minecraft:fly_one_cm":391999},"minecraft:used":{"minecraft:stone":9,"immersive_weathering:fire":3}},"DataVersion":3465}