{"stats":{"minecraft:picked_up":{"immersive_weathering:fire":10,"minecraft:charcoal":5,"minecraft:pointed_dripstone":1,"minecraft:brown_mushroom":2},"minecraft:custom":{"minecraft:jump":31,"minecraft:open_chest":2,"minecraft:time_since_rest":83671,"minecraft:damage_dealt":30,"minecraft:crouch_one_cm":15,"minecraft:leave_game":16,"minecraft:sprint_one_cm":4081,"minecraft:play_time":83671,"minecraft:time_since_death":83671,"minecraft:walk_on_water_one_cm":2229,"minecraft:walk_one_cm":9366,"minecraft:sneak_time":875,"minecraft:total_world_time":83671,"minecraft:climb_one_cm":246,"minecraft:trigger_trapped_chest":1,"minecraft:walk_under_water_one_cm":15810,"minecraft:swim_one_cm":7755,"minecraft:fly_one_cm":1644129},"minecraft:used":{"minecraft:stone":9,"immersive_weathering:fire":3}},"DataVersion":3465}