{"stats":{"minecraft:used":{"minecraft:stone":9,"immersive_weathering:fire":3},"minecraft:custom":{"minecraft:jump":29,"minecraft:open_chest":2,"minecraft:time_since_rest":57366,"minecraft:damage_dealt":30,"minecraft:leave_game":14,"minecraft:sprint_one_cm":4042,"minecraft:play_time":57366,"minecraft:time_since_death":57366,"minecraft:walk_on_water_one_cm":1789,"minecraft:walk_one_cm":7895,"minecraft:sneak_time":356,"minecraft:total_world_time":57366,"minecraft:climb_one_cm":246,"minecraft:trigger_trapped_chest":1,"minecraft:walk_under_water_one_cm":8176,"minecraft:swim_one_cm":7755,"minecraft:fly_one_cm":552664},"minecraft:picked_up":{"immersive_weathering:fire":10,"minecraft:charcoal":5,"minecraft:pointed_dripstone":1,"minecraft:brown_mushroom":2}},"DataVersion":3465}