{"stats":{"minecraft:picked_up":{"immersive_weathering:fire":10},"minecraft:custom":{"minecraft:jump":16,"minecraft:open_chest":2,"minecraft:time_since_rest":37243,"minecraft:damage_dealt":30,"minecraft:leave_game":11,"minecraft:sprint_one_cm":1977,"minecraft:play_time":37243,"minecraft:time_since_death":37243,"minecraft:walk_on_water_one_cm":287,"minecraft:walk_one_cm":3723,"minecraft:sneak_time":80,"minecraft:total_world_time":37243,"minecraft:walk_under_water_one_cm":4724,"minecraft:swim_one_cm":7755,"minecraft:fly_one_cm":127464},"minecraft:used":{"immersive_weathering:fire":3}},"DataVersion":3465}